1,Coach lot ago arrive.,Karen Hall,Mystery,14,0,1
2,Above work state.,Alexis Cochran,Thriller,14,2,1
3,Son challenge sing next bed.,Jennifer Holmes,Science Fiction,19,3,1
4,School nation environmental.,Ronald Hall,History,15,9,1
5,Detail us worry real certain see.,Pamela Burton MD,Mystery,3,3,1
6,Believe middle soldier arrive.,Darryl Macdonald,Biography,20,7,1
7,Public music improve politics soon.,Tom Andrews,Mystery,17,13,1
8,Open although usually agent teach.,Christine Little,Mystery,2,0,1
9,Let all example.,Bobby Blake,Literature,11,5,1
10,Compare not threat society.,Cindy Lopez,History,7,1,1
11,Ten social with pass anyone.,Jessica Zuniga,Biography,18,9,1
12,Guy director today adult lead voice.,Michelle Moore,Science Fiction,6,1,1
13,Room eye both themselves.,Patrick Evans,Literature,2,2,1
14,Anyone who data.,Jeremy Davis,Mystery,17,10,1
15,Detail decide season return table ready.,Danielle Warren,Science Fiction,4,3,1
16,Opportunity common statement.,Mark Ramos,Literature,11,2,1
17,Street kid move compare money opportunity.,William Norman,History,5,0,1
18,Feel political mouth work agency.,Teresa Chavez,Science Fiction,8,4,1
19,Teacher respond avoid then.,Kenneth Rodriguez,Mystery,20,12,1
20,Discover term state response want.,Tony Lee,Thriller,14,4,1
21,Argue drive necessary.,Justin Allen,Literature,5,1,1
22,Piece senior just wide sport week.,Joseph Bates,Science Fiction,8,1,1
23,Important lose likely.,Adam Burgess,Science Fiction,19,0,1
24,Develop necessary life.,Barbara Boyle,Science Fiction,16,8,1
25,Position avoid agree letter.,Sonia Pierce,Biography,18,0,1
26,Politics support recently.,Stephanie Davis,Science Fiction,11,2,1
27,Partner experience soldier technology.,Anthony Mcclure,Biography,17,2,1
28,Game walk around identify reduce.,Melinda Colon,Thriller,15,2,1
29,Example everybody fear short crime.,Christina Day,Science Fiction,12,8,1
30,Develop happen far.,Alyssa Horne,Science Fiction,6,4,1
31,Husband quality become result year.,Marcus Hayes,Literature,15,1,2
32,A everything develop amount.,Christopher Daniel,Literature,3,0,2
33,Seek certain happy.,Pamela Bell,Biography,16,2,2
34,Big herself born least.,Miranda Garcia,Biography,2,2,2
35,Black suggest amount sit professor sport.,Douglas Frederick,Literature,3,0,2
36,Seek response young.,Christopher Ward,History,19,11,2
37,Near suffer wrong weight.,Kenneth Evans,Science Fiction,6,0,2
38,Not kind little some tend.,Jessica Williams,History,18,1,2
39,No trouble hotel space girl.,Jeffrey Cameron,History,6,6,2
40,Manager early approach down send sister.,Francisco Crawford,Thriller,9,3,2
41,History the someone.,Jeremy Johnson,Biography,2,2,2
42,War others deal social she two.,Megan Blake,Thriller,2,1,2
43,Same speech activity or exactly.,Amber Hudson,Mystery,4,0,2
44,From son box despite black.,Omar Clark,Science Fiction,19,8,2
45,Anyone fine hold rule.,Melissa Johnston,Science Fiction,5,2,2
46,Federal ask minute successful fund.,Dakota Johnston,Biography,19,11,2
47,Condition look short paper couple effort.,Yvonne Watson,Thriller,7,4,2
48,Protect right consider local.,Margaret West,Literature,14,1,2
49,Hotel outside understand book.,Patricia Perez,Biography,2,0,2
50,Prevent continue medical reveal system be.,Barbara Adams,Mystery,4,4,2
51,At accept chair.,Stephanie Barnett,Biography,5,1,2
52,Speak law physical hand little.,Steven Williams,History,10,3,2
53,Stock likely like.,Emma Black,Biography,4,2,2
54,End become this member.,Alexandra Freeman,Thriller,1,1,2
55,Draw street who provide word.,Jacqueline Hanson,Science Fiction,1,1,2
56,Gas baby we prevent international.,Madison Collins,Mystery,10,8,2
57,Join explain information head already.,Colton Boyd,Biography,14,10,2
58,Fire newspaper left law.,Michael Larson,Biography,13,9,2
59,Free forward discuss.,Amanda Davenport,Mystery,19,11,2
60,Western water fear decide position media.,Renee Fields,Thriller,3,0,2
61,Culture pick hot it reach majority.,Stephen Collins,Literature,13,7,3
62,Factor nature soldier every who.,Bobby Garcia,Literature,7,0,3
63,Tough long try.,Nicole Sloan,Thriller,18,1,3
64,Partner shoulder century.,Edward Simpson,Mystery,10,7,3
65,Consider job spend rich decide party.,Kiara Rivera,Mystery,19,10,3
66,Full attack mouth our stuff.,Adam Oneal,Biography,17,11,3
67,Information position of care another.,Denise Jackson,Literature,2,2,3
68,Knowledge what quality.,Mrs. Sarah Suarez DVM,Thriller,13,6,3
69,A police nor finish soon.,Lauren Griffin,Science Fiction,13,2,3
70,Human billion toward develop certainly Republican.,Melissa Moore,History,17,4,3
71,Kid national its.,Renee Mcintosh,Literature,15,10,3
72,Allow lay simply onto.,Katherine Kelly,Biography,6,0,3
73,Much site drug.,Rachel Carey,Thriller,14,9,3
74,Recently so charge dog pay.,Michelle Harrison,Thriller,11,3,3
75,Cost start road main.,Jeremiah Stokes,History,1,1,3
76,Garden use maybe.,Debra Mcdowell,Thriller,19,18,3
77,Through nearly nice agency black total.,Douglas Reyes,Biography,11,9,3
78,Avoid paper develop.,Julie Robinson,Biography,15,14,3
79,None road they since.,Christina Morales,Mystery,5,1,3
80,System similar at.,Sherry Bryant,Thriller,15,9,3
81,Man others be fish.,Stephanie Schultz,Mystery,12,3,3
82,Outside tax bring off step.,Christina White,History,11,11,3
83,Conference market customer me should me.,Craig Jensen,Mystery,15,2,3
84,Only turn run.,Bradley Brown,Biography,13,0,3
85,Movement operation society step.,Charles Deleon,History,8,0,3
86,Light pay perhaps cell have.,Kathleen Burton,Science Fiction,18,13,3
87,Put throughout level issue movement sign.,Melissa Carr DVM,Biography,8,1,3
88,Money area situation if.,Kelli Ellis,Mystery,14,10,3
89,Example generation bed.,Catherine Phelps,Thriller,20,19,3
90,Mind development building.,Mrs. Ashley Bailey MD,Biography,13,7,3
91,Third wonder concern anyone.,Karen James,Biography,16,3,4
92,Country vote off American yard time.,Edward Holloway,Science Fiction,16,12,4
93,Where provide begin.,Susan Barker,History,8,7,4
94,Believe anyone name require difference.,Brianna Jones,Literature,3,3,4
95,Sell close appear.,Dawn Wood PhD,History,17,3,4
96,From star tonight health soon.,Karen Scott,Science Fiction,18,4,4
97,Perhaps piece yourself set technology serious.,Joseph Alexander,History,3,2,4
98,Father address degree Mr.,Jessica Oconnell,History,18,7,4
99,Heart most quickly.,Colin Robinson,Science Fiction,19,2,4
100,Line themselves everything religious.,Michael Mcintosh,History,6,0,4
101,Word party business name.,Barry Preston,Science Fiction,20,10,4
102,Image face important after already skill practice.,Jesse Greene,Literature,11,2,4
103,Certain training season.,Jeremy Harper,Literature,11,1,4
104,Certain measure air.,Diane Smith,Biography,10,9,4
105,Camera according again statement husband moment.,Lindsey Pratt,Literature,1,0,4
106,Fly citizen Republican.,Suzanne Burnett,Science Fiction,15,13,4
107,Item ask material former west book your.,Joseph Wilson,Mystery,7,7,4
108,Central board require avoid.,Jessica Henderson,Thriller,14,12,4
109,Sea house open whom situation.,Christian Carson,Literature,8,2,4
110,Item easy relationship consider.,Nicholas Bennett,Thriller,14,11,4
111,After light still.,Julie Brown,Mystery,9,2,4
112,That indeed grow site draw parent.,Jeffrey Hanson,History,10,7,4
113,Available address point want method.,Evelyn Rivera,Science Fiction,5,0,4
114,Eight current wind along kitchen last.,Kathryn Harrison,History,17,8,4
115,Especially party road mind.,Nancy Johnson,Biography,18,1,4
116,Item recent soldier accept.,Steven Cooper,History,3,0,4
117,Information oil Republican especially budget forward.,Jennifer Perez,History,7,2,4
118,Huge fear do their catch build.,Ronald Ellis,Literature,13,0,4
119,Customer a indicate wish maintain paper.,Mary Roberts,Science Fiction,19,16,4
120,Finish that thousand.,Pamela Miller,History,9,7,4
121,Hand around idea thus number reach.,Wanda Delgado,Mystery,18,11,5
122,Fill single hear.,Stephanie Rivera,History,13,9,5
123,Rise often bring.,Ronald Thomas,Literature,10,8,5
124,Finish page listen.,Allison Castaneda,Literature,11,8,5
125,Simple culture soon move wall cup.,Robert Jackson,Biography,5,4,5
126,Successful nor easy.,Patricia Collins,Thriller,20,8,5
127,Effort old tax meet success.,Kevin Taylor,Thriller,12,12,5
128,Why data painting stage such as.,Glenn Potts,Biography,1,1,5
129,Evening teach night identify.,Shelly Stevens,History,13,2,5
130,Send shoulder about job send.,Anthony Juarez,Biography,3,1,5
131,Garden information same drug state usually.,Steven Smith,Science Fiction,3,0,5
132,Local ground generation movement care system.,Cesar Ford,Literature,11,5,5
133,Rise image doctor until music edge concern.,Kerry Price,Science Fiction,6,4,5
134,Season country soldier.,Sandra Cannon,Science Fiction,13,1,5
135,Quickly suggest soldier.,Jeremy Rios,Science Fiction,8,3,5
136,Fight imagine church.,Timothy Mcpherson,Science Fiction,5,0,5
137,Wish success administration president.,Wendy Holmes,Science Fiction,18,18,5
138,Through alone mind street defense.,Charles Owens,Mystery,9,7,5
139,Month seek really.,Michelle Wolfe,Literature,15,5,5
140,Attorney learn few get.,Frederick Peterson,Literature,11,5,5
141,Ability pull under question within.,Danielle Ford,Literature,16,15,5
142,Between entire trouble feel skill.,Sandra Graham,History,10,3,5
143,Year to job along recent deal.,Paul Gilbert,Science Fiction,18,3,5
144,Political example maintain.,Barbara Burns,Science Fiction,16,1,5
145,Left reveal media degree response.,Kevin Madden,Biography,15,14,5
146,Member offer eight success.,Jennifer Aguilar,Mystery,13,6,5
147,Particular message yard new.,Richard Phillips,History,13,13,5
148,Skill reach range evidence.,Garrett Johnson,Biography,11,9,5
149,Might all eight even fall.,Angela Myers,Biography,16,2,5
150,Free series room old worry personal.,Marc Chung,Biography,14,9,5
151,War share we store example.,Elizabeth Nichols,Thriller,1,1,6
152,Military imagine myself.,Kevin Riley,History,4,0,6
153,Reach street in.,Stacey Wilkinson,Biography,16,9,6
154,Other not member.,Christina Hernandez,History,6,1,6
155,Capital offer feel raise consumer.,Emily Nichols,Biography,6,4,6
156,Guy administration production teach American note.,William Hardy,Biography,15,8,6
157,Rich skin expect prepare country.,Stephen Novak,History,6,1,6
158,Knowledge Republican pick wide meet.,Alexis Olson,Science Fiction,14,9,6
159,Town trial agent table.,Jacqueline Padilla,Mystery,13,12,6
160,Son write say.,Andrew Black,Literature,15,10,6
161,Recent prove dream such stop affect.,Meagan Bates,Science Fiction,17,12,6
162,Much then environment.,Gabriela Lozano,Mystery,10,10,6
163,Owner machine morning treatment expert.,Alyssa Peterson,Biography,18,1,6
164,Provide mission enough carry southern by.,Kyle Coffey,Mystery,19,7,6
165,Help care billion American anyone Congress.,Debra Stokes,History,2,0,6
166,Believe travel several improve standard might.,John Strickland,Thriller,20,5,6
167,Say look capital hospital see baby.,Christopher Gordon,Literature,6,6,6
168,Talk strategy eat process language sea.,Ryan Hansen,History,7,3,6
169,Forget poor support.,Pamela Kidd,Biography,15,1,6
170,Pm ever pay.,James Soto,Biography,1,0,6
171,Television baby herself body body.,Michael Rasmussen,Mystery,8,5,6
172,Long third difficult meeting the black.,David Henry,Literature,7,3,6
173,Analysis finish change door animal charge.,Russell Bowman,Literature,19,14,6
174,Know film place pull.,Timothy Daniels,Mystery,11,2,6
175,Last high suffer adult knowledge how.,Alexander Montgomery,Science Fiction,12,0,6
176,Maintain speak ground race war.,Melissa Thomas,Biography,19,19,6
177,Western much them owner song.,Brenda Willis,Science Fiction,3,2,6
178,Wonder likely pattern address street perform.,John Williams,Literature,15,1,6
179,Throw in late mission exist.,Wanda Brown,Science Fiction,3,1,6
180,Executive theory small phone power blue.,Heather Hurst,Thriller,7,1,6
181,Party but big there we.,George Smith,Thriller,3,0,7
182,Class price know leg prepare.,Breanna Deleon,Mystery,6,4,7
183,Appear claim even food.,Ashley Higgins,History,11,2,7
184,Trial air common guess.,Amanda Smith,Literature,2,2,7
185,Appear every during letter.,Margaret Crawford,Literature,18,12,7
186,Simply cut indeed explain last especially.,Laura Long,Mystery,18,6,7
187,Adult show allow I.,Philip Williams,Thriller,8,6,7
188,Talk matter improve.,Jesse Briggs IV,Biography,7,4,7
189,Sometimes late practice base each program.,Noah Johnson,Biography,10,4,7
190,Agreement service firm.,Victoria Guerrero,Mystery,13,7,7
191,Leader me adult.,Laura Singleton,Biography,1,0,7
192,Remember open money lawyer clear.,Javier Harper,History,11,2,7
193,As employee song measure range.,Timothy Harrison,Literature,13,13,7
194,Understand pay something hot great these.,Stephen Morrison,Literature,11,3,7
195,Car spring note institution such specific.,Daniel Wolf,Literature,20,8,7
196,Child image follow.,Peter Rice,Biography,20,17,7
197,Crime draw bring.,Shawna Miller,Mystery,17,17,7
198,Democrat anything stay money lead court.,Bryan Martinez,Mystery,2,1,7
199,Heavy the actually.,David Bullock,Biography,5,1,7
200,Audience teacher choice edge interest receive.,Jeffrey Simpson,Thriller,12,10,7
201,Difference read listen.,Brandon Howard,Thriller,19,0,7
202,Term nice letter build.,Richard Golden,Science Fiction,18,17,7
203,Modern executive option well major lead.,William Bennett,Science Fiction,1,0,7
204,Remember best per still visit.,Robert Novak,Thriller,3,0,7
205,Own rate executive there compare suffer.,Jodi Zuniga,Science Fiction,1,0,7
206,Support collection mouth environment.,Kelsey Gilbert,Thriller,20,3,7
207,Measure become drop trade room.,Stacey Bowers,History,20,7,7
208,Great those board everyone.,Megan Figueroa,Science Fiction,15,4,7
209,Service never son bill industry.,Wendy Lopez,Thriller,8,3,7
210,Machine student manage.,Cassie Shaw,Science Fiction,9,2,7
211,Late seven event heavy.,David Hernandez,Literature,14,4,8
212,Try also allow information line.,Anthony Stewart,Thriller,1,0,8
213,Ten hear three.,Ariana Smith,Biography,19,10,8
214,Life item trial test down million.,Jared Rojas,Science Fiction,5,3,8
215,Sense tax strategy me itself.,Theresa Freeman,Literature,17,0,8
216,Society parent very.,David Morse,History,14,13,8
217,Though activity spend television people.,Douglas Aguirre,Science Fiction,2,1,8
218,Economic mission break yard.,Alyssa Hoffman,Biography,9,1,8
219,Most spring fish record.,Paige Green,Science Fiction,3,0,8
220,Rate perform everybody development military way.,Angela King,Science Fiction,7,3,8
221,Food media war community attention.,Chris Smith,Mystery,4,2,8
222,Gun child nice history.,Patricia Patel,Science Fiction,10,1,8
223,Against already mean indeed responsibility.,Kelsey Russell,History,8,3,8
224,Present drive although present risk.,Stephanie Dean,Thriller,12,8,8
225,Break positive history interview debate across.,Steven Melendez,Mystery,20,6,8
226,Product loss design week decade.,Heather Foley,Mystery,10,7,8
227,Share street discover food score.,Brian Burton,History,7,4,8
228,Model able skill.,Jill Washington,Biography,20,19,8
229,Main start police detail.,James Reese,Science Fiction,10,8,8
230,Because account write case happy.,Tina Hawkins,Mystery,17,13,8
231,Mention woman sister whole every dream.,Deborah Gray,Mystery,20,11,8
232,Style several new maintain rise probably.,Lisa Williams,Literature,1,1,8
233,Team message mention.,Rodney Best,Literature,20,3,8
234,Drop Republican society kitchen crime learn.,Andrew Rush,Thriller,1,1,8
235,Relate production treat magazine.,Ricardo Hill,Biography,12,10,8
236,This offer parent particularly peace.,Alicia Hicks,Thriller,5,1,8
237,Under other chair.,Katelyn Griffin,Literature,14,12,8
238,Culture operation health.,Jaime Gregory,Literature,10,6,8
239,Wear onto seek lead cultural.,Lisa Taylor,History,3,1,8
240,Teach line yeah drop member.,Tonya Fuller,Thriller,17,7,8
241,Almost authority turn.,Matthew White,History,14,1,9
242,Despite expect project.,Michael Martin,Thriller,20,3,9
243,Smile culture few remain interest pay.,Justin Frank,Science Fiction,16,1,9
244,Value work help quality evidence pattern.,Rita Fisher,Biography,2,2,9
245,Lawyer daughter case base smile water.,Douglas Andrews DDS,Science Fiction,15,13,9
246,Line use become.,James Weber,Mystery,19,2,9
247,Story movie strategy.,Cindy Jackson DDS,Thriller,7,0,9
248,Phone wife run.,Robert Nelson,History,4,3,9
249,North important enough.,Dominique Paul,History,15,2,9
250,Couple back wind foreign.,Erika Jackson,Mystery,3,0,9
251,Something policy sometimes call able people.,Sherri Moore,Biography,16,11,9
252,Major remain lose sit wind.,Shawn Richards,Mystery,13,5,9
253,Power fund since whom site yourself.,Jeffrey Morris,Biography,9,8,9
254,Find factor follow kitchen.,Denise Bowman,Mystery,15,14,9
255,Easy may travel eight someone we.,Sharon Rodriguez,Mystery,2,0,9
256,Road cost story serve two and.,James Zimmerman,Science Fiction,7,1,9
257,Deep church the cultural.,Kyle Anderson,Biography,19,3,9
258,Summer hair evening.,Sherri Schultz,Thriller,2,2,9
259,Plan almost use.,Gloria Norman,Mystery,3,3,9
260,Before behind everybody yet central.,Nicole Zamora,Biography,18,15,9
261,Trial bring trade same trouble effect.,Gregory Lee,History,18,13,9
262,Set like program Republican.,Wayne Gutierrez,Literature,2,1,9
263,Film student serve these.,Philip Morgan,Thriller,13,3,9
264,Indicate doctor lead weight.,Guy Adams,Biography,7,3,9
265,Concern general real government test perform.,Lisa Medina,Thriller,10,10,9
266,Million blood education allow support young.,Janice Pierce,History,7,4,9
267,Morning type everything exactly either.,James Hernandez,Science Fiction,5,1,9
268,Social hot team military particularly spring.,Jessica Diaz,Literature,5,3,9
269,Accept himself number coach.,Katherine Stewart,Science Fiction,18,0,9
270,Offer great about movement single.,Deanna Baker,Biography,18,8,9
271,Case why believe describe so.,Marie Martinez,History,17,9,10
272,Whole enjoy mouth.,Samantha Estrada,Mystery,14,14,10
273,Near significant size them.,Courtney Ross,History,14,4,10
274,Social cultural lose program.,Thomas Tucker,Mystery,10,2,10
275,Alone month soldier buy floor read.,David Roberts,Thriller,2,1,10
276,Traditional piece become.,Cody Francis,Science Fiction,8,1,10
277,Service to where ago.,Daniel Anderson,Thriller,20,14,10
278,Side growth public.,Roger Mills,Literature,11,8,10
279,International bar hundred threat.,Margaret Garcia,Biography,2,1,10
280,New seek box change increase.,Joseph Miller,History,15,8,10
281,Nation strong trial station compare.,Jeffrey Powell,Biography,14,9,10
282,Particularly money avoid home same agency.,Robert Ayala,Science Fiction,6,2,10
283,Offer hope generation he professor.,Julie Morton,Biography,5,0,10
284,Effect still everybody agency thank social.,William Smith,Science Fiction,16,1,10
285,Each news hand.,Christopher Sims,Science Fiction,13,3,10
286,Trade medical scene firm firm.,Kristen Wilson,Literature,8,8,10
287,Rise court stuff mission.,Jacob Simon,Thriller,9,8,10
288,Standard field hold under.,Mr. Isaac Benson,Science Fiction,5,3,10
289,Short art director.,Linda White,Biography,3,3,10
290,Moment job often car southern.,Kelly Jenkins,History,1,0,10
291,High but property shake certain financial.,Grace Lucas,Biography,4,0,10
292,Gun strong sort role.,Candace Thomas,History,15,8,10
293,Soldier college writer.,Kelly Poole,Biography,7,3,10
294,Six response new.,Mary Roberts,Literature,16,10,10
295,Chair force require.,April Patterson,Thriller,18,16,10
296,Attention course small his.,Ms. Jennifer Jennings,Science Fiction,19,13,10
297,Them particularly example option him.,Robert Smith,Science Fiction,5,5,10
298,Recent seven price chance material site.,Nathan Gilbert,Science Fiction,2,2,10
299,By use attention crime.,Shelby Kelly,History,20,1,10
300,Recognize yet lot suffer car painting base.,Shelby Moss,Thriller,12,10,10
301,Behavior than trial.,Natasha Stewart,Mystery,19,3,11
302,Rest financial painting.,Sabrina Stevenson,Thriller,17,17,11
303,Control them respond cup PM travel.,Nicole Holland,Biography,11,5,11
304,May race picture treat into nor.,Maria Garcia,History,18,10,11
305,Soon live do explain job quite.,Jennifer Copeland,Biography,17,8,11
306,Feeling phone foot because environmental itself.,David Shelton MD,Literature,9,8,11
307,American do toward.,Wayne Lopez,Biography,5,1,11
308,Idea coach throughout project news.,John Ray,Thriller,15,13,11
309,Born hundred arm.,David Anthony,Literature,15,6,11
310,Community where large apply suddenly with.,Larry Stephens,History,14,9,11
311,Appear impact but method.,Anna Reese,History,8,8,11
312,Collection become unit.,Steven Burke,History,3,3,11
313,International into political.,Mr. Leon Thomas DVM,Literature,12,12,11
314,Rock letter hard serious compare.,Emily Chapman MD,Thriller,20,16,11
315,Above talk not important.,Erik Mckinney,Thriller,7,1,11
316,Week bit series.,Teresa Owens,History,7,2,11
317,Decision determine start together develop end war.,Juan Holland,History,17,7,11
318,Series like base.,Troy Dunn,Mystery,11,1,11
319,Choice reflect team year shake.,William Williams,Science Fiction,17,12,11
320,Recent certain air summer.,Betty Carter,Literature,17,4,11
321,Him audience choice stuff thing data.,Beth Bauer,History,2,2,11
322,You main any.,Linda Wilson,Science Fiction,1,0,11
323,Sound wear particularly remember suggest.,Lisa Mckenzie,History,2,1,11
324,Kid offer Republican chair single.,Stacey Lewis,History,13,2,11
325,Character author because relationship low side.,Brenda Wright,Thriller,1,1,11
326,Current same machine ground task image.,Erika Henry,History,9,4,11
327,Civil body father off health his.,Steven Harris,Thriller,5,3,11
328,Window alone enjoy him population attention.,David Lyons,Thriller,7,6,11
329,Ok show middle resource.,Dawn Johnson,Mystery,14,2,11
330,Itself individual develop world.,Mr. Lawrence Ferguson,Thriller,15,15,11
331,Lay star near but none.,Alexander Hopkins,Science Fiction,4,3,12
332,Bed form mind near travel.,Matthew Moore,Science Fiction,16,14,12
333,Staff choice end your stage.,Nicole Garcia,History,15,11,12
334,Building ever soon happy.,Matthew Nunez,Mystery,11,6,12
335,Great outside paper but.,Michelle Doyle,History,1,1,12
336,Chance develop life responsibility very.,Stephanie Johnson,Mystery,4,1,12
337,Prove win like wall bring.,Kaitlyn Taylor,Biography,4,1,12
338,Vote partner improve admit.,Gabriel Huynh,Biography,2,1,12
339,Story position color large day clear.,Adrienne Forbes,Mystery,11,11,12
340,Miss as easy service.,Misty Webb,Literature,6,1,12
341,Choice believe table director.,April Hayes,History,16,9,12
342,Particularly system room way kind include.,Stephanie Alvarez,History,17,2,12
343,Green computer machine financial establish trip.,Robin Harris,Mystery,3,3,12
344,Bag yet through.,Leonard Hahn,Thriller,8,8,12
345,Report wife theory.,Dr. Aaron Smith DDS,Literature,16,5,12
346,Tax good sit.,Cynthia Gonzalez,History,12,6,12
347,Hard thought peace year.,Carla Blair,History,14,8,12
348,Both no opportunity bank almost prepare.,Lisa Miller,Science Fiction,1,1,12
349,Condition high medical structure she nation.,Willie Rogers,History,9,5,12
350,Phone itself space.,Carlos Randall,Literature,1,0,12
351,Baby reveal factor open do.,Kimberly Garcia,Literature,16,13,12
352,Art individual cold late ahead man.,Alexis Young,Thriller,8,4,12
353,Tv fish happen take physical.,Clayton Allison,Science Fiction,8,2,12
354,Yard low later president open.,Jillian Craig,Science Fiction,14,11,12
355,Both analysis Mr physical.,Jeremy Wilson,Science Fiction,11,6,12
356,Agency most nor gas he cause.,Nicholas Dean,Thriller,19,19,12
357,Nothing feel remember daughter.,Eric Ward,History,11,7,12
358,Son couple ability office or their.,Eric Flores,Thriller,6,3,12
359,Little could feel space likely himself.,Anthony Pierce,Thriller,6,6,12
360,Truth six sing fact capital think.,Kristen Johnson,Mystery,18,1,12
361,Seven focus peace.,Michelle Rojas,Thriller,15,7,13
362,State up impact place side stuff.,William Browning,Science Fiction,19,19,13
363,Smile provide company husband.,Samuel Ellis,Science Fiction,17,4,13
364,Mrs section two.,Kenneth Gomez,History,14,4,13
365,Structure important rule west though these.,Michele Martinez,Science Fiction,11,8,13
366,Into activity next particular.,John Maxwell,History,8,8,13
367,Such she anything high summer.,Jessica Yates,Mystery,2,1,13
368,If report many ability.,Kyle Allen,Science Fiction,5,3,13
369,Trade way white author sometimes.,Thomas Cohen,History,20,9,13
370,Yourself old unit strong entire race.,Amanda Miller,Literature,4,1,13
371,Account view plant magazine must up.,Lisa Perkins,Literature,11,10,13
372,Young decade or fire.,Jenny Moore,Mystery,7,2,13
373,Interest position kitchen team hit defense.,William Mcmahon,Thriller,5,2,13
374,Memory capital your.,Matthew Wilkerson,Mystery,1,1,13
375,Nation treatment ready such minute.,Karen Mckenzie,History,4,1,13
376,Model opportunity its.,Timothy Cruz,Biography,12,6,13
377,Consider perhaps trip six.,Kelli Alexander,Biography,17,9,13
378,Face we parent.,Karen Warren,Literature,5,2,13
379,Great foot share go foreign his.,Kevin Hall,Thriller,15,12,13
380,Than media natural night word.,Joshua Smith,Science Fiction,20,14,13
381,Group turn as agreement particular.,Audrey Skinner MD,Literature,2,1,13
382,Student million response.,Ronald Tyler,Biography,15,14,13
383,Major amount write guess home fall.,Steven Young,Biography,15,12,13
384,Suddenly mission alone world college.,Sarah Williams,Mystery,11,9,13
385,Itself executive firm life admit.,Kyle Shelton,Thriller,8,6,13
386,Manage may cover probably between.,Jessica Jefferson,Literature,12,4,13
387,Blue experience second black writer.,Robert Harper,Literature,17,4,13
388,Maybe language forward during.,Brandon Young,History,14,12,13
389,Always old visit social.,Cynthia Russell MD,Literature,7,7,13
390,Tonight let impact opportunity tend.,Ronald Rodriguez,Thriller,18,11,13
391,Space husband field get fact.,Darlene Cameron,Mystery,5,0,14
392,Piece another officer deal TV price.,Andrew Gillespie,Science Fiction,13,7,14
393,Perform heart yes.,John Lawrence,History,7,2,14
394,Free picture deal stop.,Susan Sandoval,Thriller,15,4,14
395,These hit skin movement sort.,Kayla Taylor,Thriller,3,0,14
396,Cell rule can guess.,Vanessa Shepherd,History,11,2,14
397,Simply guess few agreement fast.,Daniel Combs,Literature,2,2,14
398,Pattern feeling throw course system.,Shelley Martinez,Biography,2,2,14
399,Out letter forget.,Shawn Schmidt,Biography,7,5,14
400,Election leader instead head trouble professor.,Emily Smith,Mystery,10,9,14
401,Management room common again thus.,Shane Moyer,Science Fiction,19,17,14
402,Over director especially.,Kelly Banks,Science Fiction,11,4,14
403,Oil yet consider charge.,Danielle Juarez,Literature,6,1,14
404,Tough similar activity action carry watch.,Jessica Tucker,Biography,20,12,14
405,Dog culture much material describe movement.,Micheal Mills,Thriller,5,4,14
406,Reveal international information.,Matthew Sanders,Biography,8,8,14
407,Simple no glass affect agency whether training.,Ashley Burton,Mystery,18,0,14
408,Owner number bar religious resource view.,Kevin Jones,History,17,8,14
409,Marriage human watch figure local you.,Anthony Davis,Mystery,2,2,14
410,Trip give unit boy onto.,Jesse Allen,Science Fiction,7,7,14
411,Technology yes write.,Erica Richards,Mystery,3,2,14
412,Pick forward hotel action.,Wendy Davis,History,6,1,14
413,Appear painting friend believe father.,Elizabeth Smith,Literature,15,10,14
414,Third radio me.,Jordan Johnson,Thriller,2,2,14
415,Southern around work media agree never.,Jocelyn Hernandez,Biography,3,0,14
416,Activity institution physical.,Kayla Gonzalez,Biography,6,2,14
417,Lot onto attention.,James Stewart,Thriller,8,2,14
418,Newspaper close sense.,Amy Hall,Biography,19,1,14
419,Feel kind up building finally west subject.,Rhonda Ortiz,Biography,4,4,14
420,Evening quickly fact.,Mary Ritter,Science Fiction,4,2,14
421,Force food think usually finally.,Nicole Long,History,19,19,15
422,War voice upon.,Crystal Hernandez,Thriller,2,1,15
423,Shake market blood really try job.,Joanne White,Mystery,4,3,15
424,Hope economic data manager behavior.,Briana Whitaker,Literature,1,0,15
425,Old case material my then.,Bridget Campbell,Literature,6,0,15
426,Couple class foot relationship.,Jonathan Gonzalez,Literature,8,6,15
427,Skin although but market.,Kiara Shields,Literature,2,1,15
428,Teacher late difference while begin.,Deborah Johnson,History,10,9,15
429,Throughout sort science again Republican.,Samantha Boyer,Mystery,4,0,15
430,Authority such full television.,Laura Mercado,Biography,4,3,15
431,President statement color lawyer garden.,Jacqueline Hill,Literature,3,0,15
432,Young draw painting plan.,Derek Stone,Literature,14,4,15
433,Another near receive world research.,Anthony Shelton,Thriller,18,8,15
434,Where serve job enter.,Savannah Mendez,Literature,10,6,15
435,Tell last leave.,Jenna Torres,Literature,10,4,15
436,Goal main own war read sell.,Nicole Fisher,Literature,8,1,15
437,Industry matter president certain worry.,Samantha Smith,Mystery,4,0,15
438,Word student market heavy nearly green.,Haley Miller,Literature,19,2,15
439,List difficult though able.,Samantha Tyler,Mystery,6,0,15
440,Little ready TV several majority everything.,Wendy Jenkins,Science Fiction,20,2,15
441,Ok federal hand can.,Elizabeth Hernandez,Biography,10,9,15
442,Point research wall along put however.,Taylor Mathis,Biography,11,11,15
443,Later war return report will push.,Ashley Sandoval,Science Fiction,8,7,15
444,Page now set well.,Erin Vargas,Mystery,17,0,15
445,High out meeting.,Frank Carroll,Thriller,12,0,15
446,Building view protect part news challenge.,Steven Barnes,Biography,9,2,15
447,Just follow staff bill watch hope.,Noah Huerta,Biography,9,3,15
448,Picture oil improve risk police financial.,Vanessa Hernandez,Biography,16,4,15
449,Themselves either ability beyond others since.,Edward Cruz,History,11,7,15
450,Reveal author seek quite no company.,Caleb Martinez,Science Fiction,16,16,15
451,Which forget culture.,Janet Taylor,Thriller,15,15,16
452,Range question sit pay bag.,Katelyn Johnson,Mystery,12,2,16
453,Account skill score alone.,Erin Hurley,Thriller,18,13,16
454,Perhaps fact ok value century.,James Torres,Mystery,5,1,16
455,Cause couple interesting church put service.,Valerie Webb,Science Fiction,10,8,16
456,Blue on discuss challenge fund stock.,Erik Jenkins,History,12,3,16
457,Fear building group act occur door.,Alicia Johnson,Biography,6,0,16
458,Show manager local meeting whether.,Michael White,Science Fiction,18,15,16
459,Situation gas trip.,Dr. Sara Riley MD,Biography,3,3,16
460,Themselves data school despite day.,Abigail Robinson,History,10,5,16
461,Name decision skin cost race.,Rebecca Moss,Thriller,15,11,16
462,Member team better explain attack candidate.,Destiny Cardenas,Science Fiction,20,13,16
463,Interesting letter remain.,Anna Golden,History,3,3,16
464,Last detail scene.,Mary Jones,Biography,10,10,16
465,Allow scientist responsibility state most region.,Lindsay Archer,History,5,2,16
466,Under section sister card none.,Adam Callahan,History,10,2,16
467,Service case American.,Calvin Mccullough,Mystery,3,2,16
468,Recently on moment late understand.,Barbara Smith,Biography,15,0,16
469,Method specific feel public try.,Kathryn Lester,Thriller,19,6,16
470,Should house unit matter modern visit.,Erica Thompson,Biography,16,15,16
471,Special thus else physical answer.,Peter Thornton,Biography,13,8,16
472,Turn system debate.,Michael Payne,Mystery,11,9,16
473,Apply any guy wish option end.,Amanda Jones,Literature,6,6,16
474,Whole poor turn able.,David Watts,Science Fiction,4,2,16
475,Watch important experience great sport.,Andrea Nelson,Thriller,14,8,16
476,Soldier responsibility all.,Robert Lindsey,Literature,10,9,16
477,Compare try summer care wonder individual.,Brittany James,History,19,8,16
478,Whether it let picture take hundred.,Kristin Lopez,Science Fiction,15,4,16
479,Rock tell look.,Alexis Wong,Thriller,1,1,16
480,Control support herself interview score.,Evan Clay,History,6,3,16
481,Term feeling eye management city can.,Lisa Warren,Thriller,2,0,17
482,Rise open though knowledge figure ahead.,Adrian Gates,History,4,4,17
483,Enjoy rule week.,John Patel,History,10,7,17
484,Cell theory south could.,Dr. Daniel Patton MD,Science Fiction,12,10,17
485,Wait much through machine.,Ralph Vaughn,Science Fiction,9,0,17
486,West sign east.,Bradley Ramirez,Biography,17,3,17
487,Star probably describe yet improve.,Misty Holmes,Biography,13,7,17
488,Simply customer arm up oil should.,Michael Dominguez,Literature,18,17,17
489,Alone goal like consider.,Sara Lewis,Thriller,3,2,17
490,Along cause region impact.,Rebecca Allen,Science Fiction,6,0,17
491,Agreement bring collection significant thus minute.,Adam Daniels,Thriller,1,0,17
492,Win they fight process yourself walk.,Cody Villegas,Thriller,10,7,17
493,Who garden pass level.,Laura Choi,Literature,8,1,17
494,Authority professional war.,Sarah Hoffman,Literature,17,10,17
495,Perform matter tell major.,Brittany Vasquez,Mystery,1,1,17
496,Surface hit hope.,Chad Meyer,Thriller,11,1,17
497,Performance room left.,Mary Cervantes,Biography,13,0,17
498,Similar language whatever company article wind.,Kimberly Aguilar,Science Fiction,7,4,17
499,Which eat recent free.,Nicole Harper,History,7,2,17
500,Training way sing goal.,Jason Salazar,Literature,5,0,17
501,Design Congress Congress create system.,Shane Khan,Literature,18,14,17
502,May chance program.,Christine Ortega,Biography,13,7,17
503,Grow manager value.,Darlene Garner,Thriller,20,7,17
504,Interesting democratic federal strong.,William Villegas,Science Fiction,8,7,17
505,Me small director.,Michael Rodriguez,History,18,0,17
506,Mind quality early.,Jennifer Hicks,Mystery,1,1,17
507,Anything life respond experience.,Donna Hernandez,Literature,15,10,17
508,Many week minute treat garden.,David Payne,Science Fiction,12,0,17
509,Century control area morning defense player.,Daniel King,Thriller,9,8,17
510,These billion entire better continue apply.,Marc Christensen,Literature,12,3,17
511,West child evening see apply couple.,John Reeves,Science Fiction,14,5,18
512,Service mouth system rate kid evening.,Mrs. Mckenzie Norton,Biography,2,0,18
513,Present course industry.,Samuel Harris,Thriller,9,1,18
514,Pretty true song room far senior.,Debra Young,Mystery,8,3,18
515,Response nation think father no style.,Megan Roberts,Science Fiction,14,3,18
516,Risk own meet tell.,Bryan Gray,History,4,3,18
517,Remember prepare president between part.,Sean Williams,Biography,18,13,18
518,Agent give relate.,Craig Williams,Mystery,12,12,18
519,Have painting authority health rise southern.,Hector Schroeder,Literature,19,3,18
520,Top democratic provide suffer.,Curtis Hampton,Biography,11,7,18
521,Western be town sometimes.,Melissa Sims,Mystery,17,6,18
522,Reduce watch others.,Tammy Velazquez,Thriller,8,3,18
523,Exactly audience it five finish.,Michele Jones,Biography,2,0,18
524,Mr memory fine current.,Chad Shaw,Thriller,19,4,18
525,Usually work customer those itself.,David Aguilar,History,9,6,18
526,Father feel seat back nice.,Renee Ellis,Thriller,14,13,18
527,Employee sound thus service item region.,Linda Swanson,History,3,3,18
528,Across benefit crime whom back.,Rebecca Hogan,Thriller,4,1,18
529,Turn question reveal recent trial.,Theresa Smith,Science Fiction,5,1,18
530,Admit to speech discuss determine travel.,Michelle Nichols,Science Fiction,13,1,18
531,Sign that interview by.,Juan Payne,Biography,12,3,18
532,Recognize cell change.,Andrew Thompson,History,17,7,18
533,Cup attorney network.,Carlos Soto,Mystery,19,10,18
534,Outside something Congress continue ball.,Samantha Castro,Mystery,6,0,18
535,Address often fire.,Andrew Jensen III,Biography,10,7,18
536,Child already born player bad.,William Roberts,History,19,6,18
537,Process camera figure.,Thomas Wright,Mystery,10,8,18
538,Treat student truth occur.,Tina West,Thriller,3,0,18
539,Two environmental guess five.,Kirsten Moore,Thriller,4,0,18
540,Myself while into certainly.,Jamie Marshall,Thriller,16,8,18
541,Adult business whose stay.,Paul Curry,Biography,11,8,19
542,Economy laugh former run.,Ronald Smith,Literature,11,0,19
543,Why discover that particular paper matter.,Jason Mcneil,Science Fiction,6,0,19
544,Word million hand various conference.,Kathy Jones,Mystery,13,0,19
545,Describe not which chair growth.,Mr. Ernest Montgomery,Science Fiction,10,8,19
546,Inside less write.,Heather Burns,Mystery,18,9,19
547,What close past.,Christine Morales,Literature,20,5,19
548,Group apply only.,Danielle Hoffman,Mystery,6,0,19
549,Case budget whom special.,John Chen,History,3,2,19
550,Physical him western first.,Danny Munoz,Literature,2,0,19
551,Top run already thought real all.,Tina Gutierrez,Literature,8,6,19
552,Local get others health language.,Katherine Hodge,Thriller,19,4,19
553,Dog send until hour physical.,Justin Francis,Literature,6,2,19
554,Adult idea deal sometimes hot.,Timothy Hill,Mystery,2,0,19
555,Environmental town particular vote but.,Francisco Harmon,Thriller,6,4,19
556,During break century my according.,Kyle Thomas,Biography,14,11,19
557,Well stage safe continue into perform.,Brianna Wilson,Biography,3,3,19
558,My live various kitchen raise we.,Victoria Hutchinson,Mystery,4,3,19
559,Miss spring talk well will.,Mr. Melvin Fowler,Literature,10,9,19
560,Perhaps side return admit.,Connie Roberts,Literature,14,10,19
561,Agree exist human both.,Mary Clark,Thriller,17,11,19
562,Commercial office car street room detail.,Richard Ortega,Thriller,20,4,19
563,Teach Mrs provide example.,Anna Frost,Literature,8,6,19
564,Scientist million edge music east.,Katherine Stewart,Literature,13,11,19
565,Southern box eight explain.,Caitlyn Park,Biography,2,1,19
566,Above seat film knowledge establish fly.,Kelly Garcia,Biography,19,9,19
567,Certain time network at mind.,Ryan May,Literature,13,4,19
568,Pick method consider Mr.,Jessica Rowland,Biography,10,7,19
569,Write dog opportunity energy society go.,Cody Dominguez,History,6,1,19
570,May note first.,Kevin Stewart,Mystery,20,10,19
571,Total candidate west speak.,John Payne,Mystery,3,0,20
572,Thing prove economic artist manage.,Ashley Page,Literature,11,1,20
573,Themselves office step stock third.,Howard Palmer,Science Fiction,17,13,20
574,Civil push low level.,Tyler Jones,Science Fiction,11,11,20
575,Seem her authority.,Joshua White,Thriller,16,12,20
576,Lay top some network.,Wayne Anderson,History,4,1,20
577,Dog election piece.,Robert Evans,Mystery,7,2,20
578,Story stuff fear appear old deal.,Jason Cohen,Literature,11,8,20
579,Development activity activity.,Kimberly Drake,History,8,2,20
580,Eat catch hand.,Andrew Olson,Science Fiction,16,11,20
581,Community behavior thing learn.,William James,Mystery,18,14,20
582,Democratic contain reach happen control great.,Taylor Johnson,Thriller,2,2,20
583,Together deep better another.,George Moore,Thriller,20,14,20
584,Tv agree be give.,Steven Davis,Thriller,4,2,20
585,Direction before stand walk.,Aaron Jackson,History,6,0,20
586,Check always yourself simple.,Crystal Smith,Science Fiction,8,7,20
587,Game dog especially white democratic building.,Jasmine West,Science Fiction,16,0,20
588,Choice owner event.,Steven Villegas,Biography,8,5,20
589,Individual trial need onto ground discussion.,Suzanne Bentley,History,9,6,20
590,Indeed performance surface art.,Karen Murray,History,2,1,20
591,Executive region chance likely.,Melvin Farley,Literature,5,5,20
592,Also spring officer provide good.,Luis Hughes,Literature,3,1,20
593,Remain really risk matter picture.,Tanya Miller,Thriller,15,7,20
594,North expect add clear subject great.,Mrs. Grace Palmer,Mystery,16,7,20
595,Mention clearly than more wide.,Miguel Graves,Biography,20,6,20
596,Everybody top relationship staff.,Amanda Stewart,Mystery,2,2,20
597,Sound among high red ahead.,Daniel Tyler,History,14,2,20
598,Board term institution.,Dustin Campbell,Mystery,11,5,20
599,Born goal baby answer.,Jessica Miller,History,9,8,20
600,Though especially fall travel safe use.,Stephen Shah,Biography,2,2,20
